{"cameraMode":{"drawMode":0,"name":"Shaded","section":"Shading Mode"},"sceneLighting":true,"audioPlay":false,"sceneViewState":{"showFog":false,"showMaterialUpdate":false,"showSkybox":true,"showFlares":true,"showImageEffects":false,"showParticleSystems":true},"in2DMode":false,"pivot":{"x":6.771393775939941,"y":-0.12480515986680985,"z":1.476944088935852},"rotation":{"x":-0.34191179275512698,"y":0.37760069966316225,"z":-0.15245334804058076,"w":-0.8469387888908386},"size":2.6935534477233888,"orthographic":true}