{"cameraMode":{"drawMode":0,"name":"Shaded","section":"Shading Mode"},"sceneLighting":true,"audioPlay":false,"sceneViewState":{"showFog":true,"showMaterialUpdate":false,"showSkybox":true,"showFlares":true,"showImageEffects":true,"showParticleSystems":true},"in2DMode":false,"pivot":{"x":-0.44102758169174197,"y":-2.9921061992645265,"z":1.8625785112380982},"rotation":{"x":0.31123918294906618,"y":-0.00427647028118372,"z":0.0014005856355652214,"w":0.9503208994865418},"size":11.089285850524903,"orthographic":false}